{"cameraMode":{"drawMode":0,"name":"Shaded","section":"Shading Mode"},"sceneLighting":false,"audioPlay":false,"sceneViewState":{"showFog":true,"showMaterialUpdate":false,"showSkybox":false,"showFlares":true,"showImageEffects":true,"showParticleSystems":true},"in2DMode":false,"pivot":{"x":0.5455803275108337,"y":1.0708603858947755,"z":0.1855289489030838},"rotation":{"x":-0.3700104355812073,"y":0.5522773861885071,"z":-0.29835009574890139,"w":-0.6849087476730347},"size":4.041658401489258,"orthographic":false}