{"cameraMode":{"drawMode":0,"name":"Shaded","section":"Shading Mode"},"sceneLighting":false,"audioPlay":false,"sceneViewState":{"showFog":true,"showMaterialUpdate":false,"showSkybox":false,"showFlares":true,"showImageEffects":true,"showParticleSystems":true},"in2DMode":false,"pivot":{"x":-2.591017007827759,"y":2.847017765045166,"z":-6.640398025512695},"rotation":{"x":0.055099330842494968,"y":0.048509083688259128,"z":0.0026718827430158855,"w":-0.9973243474960327},"size":22.0,"orthographic":false}